{
  "num_queries": 1591,
  "Recall@1": 0.245757385292269,
  "Recall@5": 0.4198617221873036,
  "Recall@10": 0.5091137649277184,
  "MRR": 0.32234219269102987,
  "ranking_unit": "duplicate_bucket",
  "method": "bm25",
  "top_k": 10,
  "summary_repeat": 5,
  "component_repeat": 1,
  "priority_repeat": 1,
  "severity_repeat": 1,
  "max_term_df_ratio": 0.1,
  "max_metadata_df_ratio": 0.1,
  "k1": 2.0,
  "b": 0.5,
  "engine": "sparse_tuning"
}