{
  "MRR": 0.27634736064968624,
  "Recall@1": 0.213073538654934,
  "Recall@10": 0.426147077309868,
  "Recall@5": 0.3519798868636078,
  "b": 0.75,
  "k1": 1.5,
  "method": "bm25",
  "num_queries": 1591,
  "summary_repeat": 3,
  "top_k": 10
}