{
  "MRR": 0.2733892530404158,
  "Recall@1": 0.20867379006913891,
  "Recall@10": 0.42928975487115023,
  "Recall@5": 0.3563796354494029,
  "max_candidates": 5000,
  "method": "feature_based",
  "num_queries": 1591,
  "top_k": 10
}