{
  "MRR": 0.2059087326529187,
  "Recall@1": 0.15461973601508486,
  "Recall@10": 0.32935260842237585,
  "Recall@5": 0.26964173475801384,
  "method": "tfidf",
  "num_queries": 1591,
  "summary_repeat": 3,
  "top_k": 10
}